,0
0,group
1,repository
2,trading
3,embankment
4,sequence
5,workshop
6,firm
7,stash
8,setup
9,savings
10,uncover
11,sweatshop
12,divide
13,bury
14,riverfront
15,showroom
16,monopoly
17,forge
18,vocation
19,disburse
20,depository
21,slope
22,laboratory
23,bag
24,dodge
25,branch
26,reef
27,lakefront
28,trust
29,bend
30,pack
31,pitch
32,slant
33,series
34,biz
35,function
36,market
37,outlet
38,pursuit
39,stock
40,stand
41,livelihood
42,exchequer
43,shop
44,accumulate
45,levee
46,save
47,spend
48,freeze
49,oceanfront
50,dissipate
51,cay
52,incline
53,treasury
54,strand
55,pile
56,syndicate
57,mint
58,reservoir
59,mound
60,affairs
61,row
62,cartel
63,trade
64,cant
65,dashboard
66,store
67,emporium
68,work
69,specialty
70,squirrel
71,storehouse
72,array
73,reserve
74,super
75,reveal
76,bank
77,hide
78,mill
79,squander
80,mass
81,shed
82,river
83,put
84,coffer
85,waterfront
86,ledge
87,seaboard
88,craft
89,amass
90,partnership
91,racket
92,seafront
93,employment
94,establishment
95,deal
96,heap
97,lakeside
98,barn
99,cooperative
100,succession
101,invest
102,mart
103,organization
104,rank
105,lakeshore
106,camber
107,barter
108,depot
109,institution
110,stockpile
111,cumulate
112,hoard
113,hill
114,bottle
115,disperse
116,waste
117,cliff
118,fund
119,boutique
120,thrift
121,bin
122,commercialism
123,shore
124,game
125,cache
126,manufacturing
127,supermarket
128,use
129,deposit
130,bargaining
131,outfit
132,concern
133,beach
134,industry
135,occupation
136,workroom
137,corporation
138,field
139,edge
140,manufactory
141,warehouse
142,safe
143,transaction
144,drugstore
145,keep
146,career
147,foundry
148,line
149,coast
150,works
151,riverside
152,venture
153,house
154,factory
155,calling
156,speculate
